{
  "file": "close_mic_whisper.wav",
  "sample_rate": 48000,
  "level": {
    "rms": 0.06570233195207617,
    "peak": 0.9999999859545652,
    "crest_db": 23.64838419580398,
    "rms_variance": 0.0015694319308853658
  },
  "noise": {
    "noise_floor": 0.015083590078211816,
    "snr_db": 12.78152068204784
  },
  "room": {
    "early_late_ratio": 0.6092930723852191,
    "decay_slope": -0.0007544474440978366
  },
  "tone": {
    "band_ratios": {
      "low": 0.33592072864671385,
      "low_mid": 0.46312753136306234,
      "presence": 0.14800372196405384,
      "air": 0.05294777250807326
    },
    "hf_variance": 1.669198159856422e-06
  }
}