{
  "file": "close_mic_loud.wav",
  "sample_rate": 48000,
  "level": {
    "rms": 0.07291081208029934,
    "peak": 0.9999999988849492,
    "crest_db": 22.74416128166914,
    "rms_variance": 0.0033430749310441195
  },
  "noise": {
    "noise_floor": 0.004073308687579866,
    "snr_db": 25.05689010675791
  },
  "room": {
    "early_late_ratio": 0.2729142067327069,
    "decay_slope": -0.0007011897122825355
  },
  "tone": {
    "band_ratios": {
      "low": 0.2263974312936859,
      "low_mid": 0.7338366893364212,
      "presence": 0.0389696702915033,
      "air": 0.0007961538865639081
    },
    "hf_variance": 1.0031228325903384e-07
  }
}