{
  "file": "close_mic_normal.wav",
  "sample_rate": 48000,
  "level": {
    "rms": 0.05078274274020866,
    "peak": 0.9999999910689562,
    "crest_db": 25.88567686021438,
    "rms_variance": 0.000869619783162272
  },
  "noise": {
    "noise_floor": 0.01264836072280603,
    "snr_db": 12.073637517700206
  },
  "room": {
    "early_late_ratio": 0.6434575030009848,
    "decay_slope": 3.3775146800856055e-06
  },
  "tone": {
    "band_ratios": {
      "low": 0.9363313698324207,
      "low_mid": 0.06223081212839402,
      "presence": 0.0010252682950389032,
      "air": 0.00041253050112920674
    },
    "hf_variance": 2.2158837206783507e-07
  }
}