{
  "file": "distant.wav",
  "sample_rate": 44100,
  "level": {
    "rms": 0.05843482431824505,
    "peak": 0.9999996782461577,
    "crest_db": 24.666562351469242,
    "rms_variance": 0.001906419180964957
  },
  "noise": {
    "noise_floor": 0.0019357284703105542,
    "snr_db": 29.596541614208107
  },
  "room": {
    "early_late_ratio": 0.0008585360210630318,
    "decay_slope": -0.0010543364765391965
  },
  "tone": {
    "band_ratios": {
      "low": 0.6808994842879144,
      "low_mid": 0.31686424150628045,
      "presence": 0.0020187313086198755,
      "air": 0.00021752866560990233
    },
    "hf_variance": 1.4519546303443836e-07
  }
}