{
  "file": "noisy_speech.wav",
  "sample_rate": 44100,
  "level": {
    "rms": 0.17516223693784164,
    "peak": 0.9999999989150028,
    "crest_db": 15.131190334899165,
    "rms_variance": 0.0019581022784552135
  },
  "noise": {
    "noise_floor": 0.11796726380535474,
    "snr_db": 3.433579456459533
  },
  "room": {
    "early_late_ratio": 0.9331740371742564,
    "decay_slope": 0.00016452162519998756
  },
  "tone": {
    "band_ratios": {
      "low": 0.9247424483799275,
      "low_mid": 0.07509229961590368,
      "presence": 0.00014192344489330868,
      "air": 2.3328153637790337e-05
    },
    "hf_variance": 2.7502179538289244e-07
  }
}